<?xml version="1.0" encoding="UTF-8"?>
<config date="1636719007126" transient="false">
	<site updateable="true" url="platform:/base/" enabled="true" policy="USER-EXCLUDE">
		<feature id="BA_FeatureDependenciesCommandlineE4" version="0.2.1" url="features/BA_FeatureDependenciesCommandlineE4_0.2.1/">
		</feature>
		<feature id="BA_FeatureUltimateCommandLine" version="0.2.1" url="features/BA_FeatureUltimateCommandLine_0.2.1/">
		</feature>
		<feature id="BA_FeatureUltimateCommon" version="0.2.1" url="features/BA_FeatureUltimateCommon_0.2.1/">
		</feature>
		<feature id="BA_FeatureDependenciesCommon" version="0.2.1" url="features/BA_FeatureDependenciesCommon_0.2.1/">
		</feature>
	</site>
</config>
